"file","sourceUrl","sourcePages","bytes"
"/images/midwest-source/01-11062b_366f7fdbcafc4effaeddb0dba92014c1-mv2.png","https://static.wixstatic.com/media/11062b_366f7fdbcafc4effaeddb0dba92014c1~mv2.png","https://www.fencesbymidwest.com/","3549"
"/images/midwest-source/02-11062b_6e9638ad803e4099a6116eb750b5a584-mv2.png","https://static.wixstatic.com/media/11062b_6e9638ad803e4099a6116eb750b5a584~mv2.png","https://www.fencesbymidwest.com/","6408"
"/images/midwest-source/03-a86385_0240d0f095b04bef9115eb5f48820292-mv2.png","https://static.wixstatic.com/media/a86385_0240d0f095b04bef9115eb5f48820292~mv2.png","https://www.fencesbymidwest.com/blog-feed.xml","2050554"
"/images/midwest-source/04-a86385_02c43f5db5654f7f832a25297996900f-mv2.png","https://static.wixstatic.com/media/a86385_02c43f5db5654f7f832a25297996900f~mv2.png","https://www.fencesbymidwest.com/residentialfenceinstallation/vinylfence","726387"
"/images/midwest-source/05-a86385_0b3b7093e9e34dd084426a2b8db675f9-mv2.jpg","https://static.wixstatic.com/media/a86385_0b3b7093e9e34dd084426a2b8db675f9~mv2.jpg","https://www.fencesbymidwest.com/residentialfenceinstallation/aluminum","529848"
"/images/midwest-source/06-a86385_1669b1dcae9a48ecb921073566b6c49b-mv2.jpg","https://static.wixstatic.com/media/a86385_1669b1dcae9a48ecb921073566b6c49b~mv2.jpg","https://www.fencesbymidwest.com/residentialfenceinstallation/woodfence","921207"
"/images/midwest-source/07-a86385_22000f1e0f49408c95b778c92aa19293-mv2.jpg","https://static.wixstatic.com/media/a86385_22000f1e0f49408c95b778c92aa19293~mv2.jpg","https://www.fencesbymidwest.com/residentialfenceinstallation/chainlink","69929"
"/images/midwest-source/08-a86385_27d8b4fc4ca34baa9afdf89420d4cfda-mv2.jpg","https://static.wixstatic.com/media/a86385_27d8b4fc4ca34baa9afdf89420d4cfda~mv2.jpg","https://www.fencesbymidwest.com/residentialfenceinstallation/vinylfence","84284"
"/images/midwest-source/09-a86385_329bc54722fa4b0ab215b39bea171418-mv2.jpg","https://static.wixstatic.com/media/a86385_329bc54722fa4b0ab215b39bea171418~mv2.jpg","https://www.fencesbymidwest.com/residentialfenceinstallation/woodfence","565313"
"/images/midwest-source/10-a86385_39b1b22b9a7f4bd88eb0936718f94b1d-mv2.jpg","https://static.wixstatic.com/media/a86385_39b1b22b9a7f4bd88eb0936718f94b1d~mv2.jpg","https://www.fencesbymidwest.com/residentialfenceinstallation/vinylfence","40105"
"/images/midwest-source/11-a86385_4351c1369fd94f3491c292be0fef37c7-mv2.jpg","https://static.wixstatic.com/media/a86385_4351c1369fd94f3491c292be0fef37c7~mv2.jpg","https://www.fencesbymidwest.com/residentialfenceinstallation/woodfence","873718"
"/images/midwest-source/12-a86385_444ca8e489184c128e6477b1be837828-mv2.png","https://static.wixstatic.com/media/a86385_444ca8e489184c128e6477b1be837828~mv2.png","https://www.fencesbymidwest.com/residentialfenceinstallation/vinylfence","1987050"
"/images/midwest-source/13-a86385_50126232c45e4674bcc038dad521bf62-mv2.jpg","https://static.wixstatic.com/media/a86385_50126232c45e4674bcc038dad521bf62~mv2.jpg","https://www.fencesbymidwest.com/residentialfenceinstallation/aluminum","585037"
"/images/midwest-source/14-a86385_539f1395d74e4ceab5c61f0cd78b34bc-mv2.jpg","https://static.wixstatic.com/media/a86385_539f1395d74e4ceab5c61f0cd78b34bc~mv2.jpg","https://www.fencesbymidwest.com/","555188"
"/images/midwest-source/15-a86385_54c5477c46d745998c1a797f2fbbce47-mv2.jpg","https://static.wixstatic.com/media/a86385_54c5477c46d745998c1a797f2fbbce47~mv2.jpg","https://www.fencesbymidwest.com/blog-feed.xml","9765"
"/images/midwest-source/16-a86385_5e2c6869e76d473cade95f42b74c3444-mv2.jpg","https://static.wixstatic.com/media/a86385_5e2c6869e76d473cade95f42b74c3444~mv2.jpg","https://www.fencesbymidwest.com/residentialfenceinstallation/chainlink","710208"
"/images/midwest-source/17-a86385_6ac9da4763444276884b298f6a89e954-mv2.jpg","https://static.wixstatic.com/media/a86385_6ac9da4763444276884b298f6a89e954~mv2.jpg","https://www.fencesbymidwest.com/residentialfenceinstallation/vinylfence","731383"
"/images/midwest-source/18-a86385_6bc8911721404fb0a4e80dd339ec5d1c-mv2.jpg","https://static.wixstatic.com/media/a86385_6bc8911721404fb0a4e80dd339ec5d1c~mv2.jpg","https://www.fencesbymidwest.com/residentialfenceinstallation/aluminum","640152"
"/images/midwest-source/19-a86385_6ea91505fabf4fb1b491c591027dca67-mv2.jpg","https://static.wixstatic.com/media/a86385_6ea91505fabf4fb1b491c591027dca67~mv2.jpg","https://www.fencesbymidwest.com/residentialfenceinstallation/woodfence","593024"
"/images/midwest-source/20-a86385_7080cfdf2d424f0fab747230cd8797cb-mv2.jpg","https://static.wixstatic.com/media/a86385_7080cfdf2d424f0fab747230cd8797cb~mv2.jpg","https://www.fencesbymidwest.com/residentialfenceinstallation/aluminum","650370"
"/images/midwest-source/21-a86385_7a26ff2650b5434e8b0d879f2ffad181-mv2.png","https://static.wixstatic.com/media/a86385_7a26ff2650b5434e8b0d879f2ffad181~mv2.png","https://www.fencesbymidwest.com/blog-feed.xml","1551441"
"/images/midwest-source/22-a86385_7bb2d2d267cb493c96d1840a022a303a-mv2.jpg","https://static.wixstatic.com/media/a86385_7bb2d2d267cb493c96d1840a022a303a~mv2.jpg","https://www.fencesbymidwest.com/residentialfenceinstallation/vinylfence","726451"
"/images/midwest-source/23-a86385_8551d666b2484418bd360bfcce778445-mv2.png","https://static.wixstatic.com/media/a86385_8551d666b2484418bd360bfcce778445~mv2.png","https://www.fencesbymidwest.com/ | https://www.fencesbymidwest.com/residentialfenceinstallation/aluminum | https://www.fencesbymidwest.com/residentialfenceinstallation/chainlink | https://www.fencesbymidwest.com/residentialfenceinstallation/vinylfence | https://www.fencesbymidwest.com/residentialfenceinstallation/woodfence","274745"
"/images/midwest-source/24-a86385_8b7715b4f6a64ce0ad73ba33f3aff768-mv2.png","https://static.wixstatic.com/media/a86385_8b7715b4f6a64ce0ad73ba33f3aff768~mv2.png","https://www.fencesbymidwest.com/blog-feed.xml","2051112"
"/images/midwest-source/25-a86385_8cfad7c2330e425bb221145af7e33d29-mv2.jpg","https://static.wixstatic.com/media/a86385_8cfad7c2330e425bb221145af7e33d29~mv2.jpg","https://www.fencesbymidwest.com/","710208"
"/images/midwest-source/26-a86385_94ca53118de148c3aac0222035241135-mv2.jpg","https://static.wixstatic.com/media/a86385_94ca53118de148c3aac0222035241135~mv2.jpg","https://www.fencesbymidwest.com/residentialfenceinstallation/vinylfence","93069"
"/images/midwest-source/27-a86385_9c7801ce5e87459ab6406fccad6dc059-mv2.png","https://static.wixstatic.com/media/a86385_9c7801ce5e87459ab6406fccad6dc059~mv2.png","https://www.fencesbymidwest.com/blog-feed.xml","2837120"
"/images/midwest-source/28-a86385_b0743c29e6914a6997f07cdd2ab162fd-mv2.jpg","https://static.wixstatic.com/media/a86385_b0743c29e6914a6997f07cdd2ab162fd~mv2.jpg","https://www.fencesbymidwest.com/ | https://www.fencesbymidwest.com/residentialfenceinstallation/aluminum","412651"
"/images/midwest-source/29-a86385_b166219fc1e341f69c83dd3f9c0edebe-mv2.jpg","https://static.wixstatic.com/media/a86385_b166219fc1e341f69c83dd3f9c0edebe~mv2.jpg","https://www.fencesbymidwest.com/residentialfenceinstallation/vinylfence","19358"
"/images/midwest-source/30-a86385_c16a4b18f304411293454c278b8749f0-mv2.jpg","https://static.wixstatic.com/media/a86385_c16a4b18f304411293454c278b8749f0~mv2.jpg","https://www.fencesbymidwest.com/","1607180"
"/images/midwest-source/31-a86385_c5ee0218240745a9af7886f2ef8100fd-mv2.jpg","https://static.wixstatic.com/media/a86385_c5ee0218240745a9af7886f2ef8100fd~mv2.jpg","https://www.fencesbymidwest.com/residentialfenceinstallation/chainlink","1911673"
"/images/midwest-source/32-a86385_c8a9d8e311ab449e99f3f0de0cd1bd1a-mv2.jpg","https://static.wixstatic.com/media/a86385_c8a9d8e311ab449e99f3f0de0cd1bd1a~mv2.jpg","https://www.fencesbymidwest.com/residentialfenceinstallation/woodfence","1021856"
"/images/midwest-source/33-a86385_cb85470a139243fa813bbc622bbc6a09-mv2.jpg","https://static.wixstatic.com/media/a86385_cb85470a139243fa813bbc622bbc6a09~mv2.jpg","https://www.fencesbymidwest.com/residentialfenceinstallation/aluminum","798335"
"/images/midwest-source/34-a86385_d38d97f7f5ca43bd80d7f7791ed34525-mv2.png","https://static.wixstatic.com/media/a86385_d38d97f7f5ca43bd80d7f7791ed34525~mv2.png","https://www.fencesbymidwest.com/blog-feed.xml","2900023"
"/images/midwest-source/35-a86385_d3cc7550d1ed43778518d5d8e42d7d81-mv2.jpg","https://static.wixstatic.com/media/a86385_d3cc7550d1ed43778518d5d8e42d7d81~mv2.jpg","https://www.fencesbymidwest.com/residentialfenceinstallation/chainlink","749760"
"/images/midwest-source/36-a86385_d56e474537194801b66c52bf8a2cacb9-mv2.png","https://static.wixstatic.com/media/a86385_d56e474537194801b66c52bf8a2cacb9~mv2.png","https://www.fencesbymidwest.com/blog-feed.xml","3091393"
"/images/midwest-source/37-a86385_da9ba565a9664991a1fde74bc577fd8e-mv2.png","https://static.wixstatic.com/media/a86385_da9ba565a9664991a1fde74bc577fd8e~mv2.png","https://www.fencesbymidwest.com/blog-feed.xml","2299979"
"/images/midwest-source/38-a86385_e5ba230f15af43068268cd0f8b48b23d-mv2.png","https://static.wixstatic.com/media/a86385_e5ba230f15af43068268cd0f8b48b23d~mv2.png","https://www.fencesbymidwest.com/blog-feed.xml","1652736"
"/images/midwest-source/39-a86385_e5ba6e909fc04213b9ffd1df440aca7c-mv2.jpg","https://static.wixstatic.com/media/a86385_e5ba6e909fc04213b9ffd1df440aca7c~mv2.jpg","https://www.fencesbymidwest.com/","2830473"
"/images/midwest-source/40-a86385_ea956f6f5c744da19d61043f7df97c32-mv2.png","https://static.wixstatic.com/media/a86385_ea956f6f5c744da19d61043f7df97c32~mv2.png","https://www.fencesbymidwest.com/blog-feed.xml","2001752"
"/images/midwest-source/41-a86385_eaa6b71434f346e69888a4c4b685a34f-mv2.jpg","https://static.wixstatic.com/media/a86385_eaa6b71434f346e69888a4c4b685a34f~mv2.jpg","https://www.fencesbymidwest.com/ | https://www.fencesbymidwest.com/residentialfenceinstallation/aluminum | https://www.fencesbymidwest.com/residentialfenceinstallation/chainlink | https://www.fencesbymidwest.com/residentialfenceinstallation/vinylfence | https://www.fencesbymidwest.com/residentialfenceinstallation/woodfence","90801"
"/images/midwest-source/42-a86385_eef11b262ca44c509a5a747956d459cd-mv2.jpg","https://static.wixstatic.com/media/a86385_eef11b262ca44c509a5a747956d459cd~mv2.jpg","https://www.fencesbymidwest.com/residentialfenceinstallation/woodfence","92795"
"/images/midwest-source/43-a86385_f1917b386dfc44c38036f178d321662f-mv2.png","https://static.wixstatic.com/media/a86385_f1917b386dfc44c38036f178d321662f~mv2.png","https://www.fencesbymidwest.com/","24937"
"/images/midwest-source/44-a86385_f2fc7e02185b455d9d391b4895cb5853-mv2.png","https://static.wixstatic.com/media/a86385_f2fc7e02185b455d9d391b4895cb5853~mv2.png","https://www.fencesbymidwest.com/blog-feed.xml","3098406"
"/images/midwest-source/45-a86385_f3899c18bd644269950637b419efe60b-mv2.jpg","https://static.wixstatic.com/media/a86385_f3899c18bd644269950637b419efe60b~mv2.jpg","https://www.fencesbymidwest.com/residentialfenceinstallation/chainlink","171603"
"/images/midwest-source/46-a86385_f392f73ecc914891abc3a4e626734b75-mv2.jpg","https://static.wixstatic.com/media/a86385_f392f73ecc914891abc3a4e626734b75~mv2.jpg","https://www.fencesbymidwest.com/blog-feed.xml","93874"
"/images/midwest-source/47-a86385_f612b8c859714ef1b66941cef45449dc-mv2.jpg","https://static.wixstatic.com/media/a86385_f612b8c859714ef1b66941cef45449dc~mv2.jpg","https://www.fencesbymidwest.com/residentialfenceinstallation/vinylfence","208341"
"/images/midwest-source/48-a86385_fe306491f230413a87708147f71133a9-mv2.jpg","https://static.wixstatic.com/media/a86385_fe306491f230413a87708147f71133a9~mv2.jpg","https://www.fencesbymidwest.com/ | https://www.fencesbymidwest.com/residentialfenceinstallation/vinylfence","792335"
"/images/midwest-source/49-a8eeaec0a6a94a7c8c6ab9337b9f8195.jpg","https://static.wixstatic.com/media/a8eeaec0a6a94a7c8c6ab9337b9f8195.jpg","https://www.fencesbymidwest.com/residentialfenceinstallation/aluminum | https://www.fencesbymidwest.com/residentialfenceinstallation/chainlink | https://www.fencesbymidwest.com/residentialfenceinstallation/vinylfence | https://www.fencesbymidwest.com/residentialfenceinstallation/woodfence","4300407"
